localId,barrioId
0,96
211,96
217,96
229,96
236,96
237,96
241,96
252,96
253,96
257,96
262,96
263,96
264,96
265,96
266,96
267,96
268,96
269,96
312,96
314,96
315,96
316,96
317,96
318,96
322,96
345,96
443,96
457,96
480,96
481,96
526,96
594,96
637,96
1980,96
2000,96
2044,96
2178,96
2397,96
2442,96
2981,96
2982,96
2983,96
2987,96
2988,96
2995,96
2996,96
1,93
5,93
6,93
14,93
20,93
147,93
423,93
424,93
425,93
494,93
546,93
602,93
609,93
667,93
745,93
807,93
988,93
1087,93
1221,93
1398,93
1535,93
1536,93
1591,93
1752,93
1871,93
1936,93
1958,93
1965,93
2038,93
2049,93
2097,93
2163,93
2305,93
2416,93
2466,93
2467,93
2,53
3,53
4,53
7,53
9,53
119,53
148,53
177,53
330,53
333,53
368,53
369,53
386,53
421,53
422,53
454,53
626,53
629,53
638,53
703,53
715,53
717,53
985,53
1058,53
1282,53
1534,53
1682,53
1684,53
1900,53
1940,53
2075,53
2899,53
8,23
15,23
16,23
23,23
383,23
549,23
756,23
812,23
1029,23
1125,23
1130,23
1132,23
1133,23
1134,23
1153,23
1352,23
1353,23
1358,23
1361,23
1362,23
1364,23
1378,23
1379,23
1385,23
1386,23
1387,23
1389,23
1392,23
1397,23
1480,23
1482,23
1564,23
1917,23
2078,23
2135,23
2261,23
2362,23
10,52
176,52
195,52
331,52
334,52
335,52
337,52
370,52
391,52
400,52
591,52
601,52
850,52
856,52
862,52
1088,52
1129,52
1222,52
1540,52
1683,52
1751,52
1792,52
1872,52
1909,52
1911,52
1920,52
1947,52
2032,52
2100,52
2133,52
2142,52
2167,52
2252,52
2313,52
2332,52
11,98
48,98
56,98
59,98
96,98
113,98
116,98
118,98
132,98
134,98
173,98
668,98
1660,98
2139,98
2400,98
12,67
25,67
26,67
33,67
57,67
58,67
93,67
94,67
95,67
104,67
105,67
135,67
189,67
364,67
390,67
831,67
838,67
1019,67
1118,67
1541,67
1571,67
1641,67
1983,67
2393,67
13,50
492,50
607,50
716,50
734,50
806,50
997,50
1885,50
1927,50
17,105
66,105
146,105
218,105
219,105
220,105
230,105
231,105
232,105
234,105
235,105
240,105
246,105
275,105
276,105
278,105
279,105
281,105
284,105
301,105
302,105
304,105
305,105
306,105
307,105
308,105
309,105
310,105
313,105
320,105
321,105
323,105
451,105
452,105
829,105
830,105
842,105
861,105
1089,105
1813,105
1873,105
1969,105
2331,105
2985,105
2990,105
18,94
225,94
2074,94
19,97
27,97
30,97
32,97
41,97
42,97
45,97
46,97
47,97
55,97
75,97
91,97
106,97
108,97
112,97
117,97
129,97
130,97
131,97
544,97
587,97
636,97
836,97
840,97
1659,97
1686,97
1795,97
2287,97
2488,97
21,107
355,107
22,46
449,46
550,46
1119,46
1120,46
1126,46
1139,46
1147,46
1360,46
1365,46
1390,46
1395,46
1396,46
1430,46
1474,46
1481,46
1596,46
1901,46
2008,46
2058,46
2083,46
2157,46
2182,46
2195,46
2196,46
2249,46
24,18
44,18
49,18
53,18
77,18
109,18
110,18
126,18
133,18
191,18
414,18
1475,18
1791,18
1971,18
28,64
29,64
31,64
34,64
35,64
43,64
50,64
51,64
52,64
54,64
87,64
88,64
89,64
90,64
92,64
97,64
107,64
111,64
114,64
115,64
127,64
128,64
172,64
188,64
190,64
329,64
608,64
618,64
631,64
714,64
732,64
834,64
835,64
841,64
1152,64
1685,64
2395,64
36,104
37,104
38,104
39,104
40,104
199,104
657,104
722,104
1107,104
1131,104
1146,104
1359,104
1363,104
1377,104
1380,104
1388,104
1391,104
1483,104
1888,104
1918,104
1919,104
1951,104
2361,104
2483,104
60,28
63,28
64,28
65,28
99,28
164,28
170,28
339,28
377,28
404,28
439,28
440,28
470,28
471,28
582,28
589,28
590,28
826,28
827,28
1112,28
61,83
165,83
166,83
168,83
182,83
202,83
203,83
204,83
205,83
338,83
341,83
349,83
361,83
362,83
374,83
375,83
378,83
447,83
504,83
506,83
511,83
553,83
554,83
555,83
564,83
566,83
578,83
580,83
585,83
588,83
735,83
736,83
820,83
824,83
832,83
846,83
1017,83
1027,83
1057,83
1973,83
2144,83
2158,83
2317,83
2354,83
2363,83
62,58
76,58
101,58
171,58
179,58
180,58
181,58
343,58
344,58
357,58
360,58
379,58
380,58
402,58
507,58
509,58
513,58
515,58
516,58
517,58
518,58
570,58
573,58
576,58
583,58
643,58
757,58
843,58
845,58
1018,58
1091,58
1113,58
1141,58
1384,58
1578,58
2072,58
67,72
68,72
69,72
71,72
78,72
83,72
84,72
136,72
137,72
140,72
142,72
145,72
154,72
157,72
158,72
162,72
274,72
816,72
1064,72
1242,72
1354,72
1816,72
1925,72
2413,72
70,87
152,87
153,87
270,87
1658,87
2371,87
72,7
80,7
81,7
144,7
156,7
817,7
1573,7
1637,7
2208,7
2328,7
2424,7
73,100
82,100
120,100
122,100
123,100
143,100
149,100
150,100
1355,100
1572,100
1638,100
1817,100
2965,100
74,1
100,1
167,1
178,1
183,1
347,1
359,1
363,1
376,1
381,1
382,1
401,1
403,1
437,1
448,1
466,1
467,1
468,1
469,1
474,1
475,1
505,1
508,1
551,1
552,1
557,1
558,1
559,1
562,1
565,1
568,1
571,1
572,1
579,1
584,1
759,1
810,1
815,1
833,1
849,1
852,1
854,1
858,1
859,1
860,1
971,1
1026,1
1142,1
1463,1
1796,1
1966,1
2209,1
2349,1
79,13
405,13
459,13
642,13
649,13
1093,13
1138,13
1251,13
1537,13
1547,13
1666,13
1773,13
1775,13
1776,13
1898,13
1933,13
1948,13
1992,13
2007,13
2143,13
2262,13
2356,13
2357,13
2398,13
2415,13
2441,13
2487,13
2893,13
85,78
155,78
159,78
407,78
1243,78
1339,78
1394,78
1889,78
1924,78
2429,78
86,77
121,77
139,77
141,77
160,77
161,77
271,77
273,77
408,77
864,77
1256,77
1257,77
1258,77
1260,77
1340,77
1375,77
2329,77
98,39
169,39
184,39
185,39
342,39
348,39
358,39
445,39
455,39
512,39
514,39
519,39
563,39
569,39
577,39
581,39
818,39
821,39
1028,39
2102,39
2383,39
102,80
328,80
411,80
528,80
596,80
646,80
670,80
675,80
679,80
680,80
686,80
696,80
697,80
701,80
705,80
748,80
784,80
787,80
789,80
793,80
800,80
811,80
879,80
885,80
887,80
889,80
894,80
896,80
899,80
909,80
911,80
914,80
915,80
917,80
919,80
924,80
976,80
981,80
983,80
987,80
998,80
999,80
1000,80
1004,80
1009,80
1010,80
1012,80
1036,80
1042,80
1043,80
1044,80
1054,80
1072,80
1077,80
1080,80
1081,80
1095,80
1096,80
1100,80
1102,80
1104,80
1106,80
1108,80
1109,80
1110,80
1124,80
1150,80
1154,80
1272,80
1276,80
1279,80
1283,80
1284,80
1345,80
1347,80
1348,80
1351,80
1401,80
1403,80
1406,80
1464,80
1479,80
1487,80
1489,80
1495,80
1496,80
1514,80
1527,80
1528,80
1538,80
1569,80
1570,80
1606,80
1653,80
1748,80
1749,80
1753,80
1759,80
1762,80
1763,80
1915,80
1943,80
1944,80
1954,80
1955,80
2016,80
2017,80
2018,80
2048,80
2106,80
2108,80
2153,80
2156,80
2343,80
2346,80
2381,80
2460,80
2514,80
2518,80
2520,80
2523,80
2526,80
2537,80
2538,80
2539,80
2541,80
2543,80
2549,80
2550,80
2551,80
2552,80
2553,80
2564,80
2978,80
103,22
409,22
124,119
138,119
151,119
272,119
1241,119
2235,119
125,70
460,70
669,70
1959,70
2908,70
2913,70
2927,70
2940,70
2941,70
2944,70
2951,70
2961,70
2962,70
163,82
298,82
346,82
731,82
936,82
938,82
943,82
964,82
966,82
967,82
989,82
1021,82
1052,82
1111,82
1161,82
1170,82
1180,82
1198,82
1216,82
1227,82
1228,82
1229,82
1230,82
1234,82
1235,82
1755,82
1894,82
1904,82
2003,82
2012,82
2028,82
2260,82
2453,82
2471,82
174,29
482,29
498,29
654,29
1063,29
1374,29
1580,29
1833,29
1836,29
1970,29
2177,29
2198,29
2506,29
2507,29
175,88
429,88
499,88
535,88
536,88
539,88
1020,88
1034,88
1061,88
1156,88
1264,88
1531,88
1586,88
1593,88
1594,88
1777,88
1809,88
1834,88
1841,88
1843,88
1875,88
1957,88
2036,88
2043,88
2079,88
2088,88
2180,88
2273,88
2274,88
2310,88
2335,88
2404,88
2408,88
2500,88
2501,88
186,59
749,59
774,59
775,59
788,59
797,59
798,59
867,59
872,59
884,59
892,59
893,59
901,59
907,59
908,59
972,59
1003,59
1006,59
1013,59
1039,59
1041,59
1047,59
1051,59
1055,59
1068,59
1079,59
1101,59
1115,59
1116,59
1135,59
1269,59
1341,59
1343,59
1400,59
1499,59
1612,59
1618,59
1619,59
1634,59
1761,59
1765,59
1913,59
1945,59
1988,59
1997,59
1998,59
1999,59
2025,59
2057,59
2080,59
2184,59
2234,59
2338,59
2339,59
2342,59
2380,59
2421,59
2513,59
2515,59
2517,59
2522,59
2524,59
2533,59
187,69
392,69
419,69
476,69
1599,69
1649,69
2263,69
2314,69
2472,69
2901,69
2902,69
2905,69
2909,69
2915,69
2919,69
2920,69
2922,69
2923,69
2924,69
2925,69
2926,69
2929,69
2931,69
2932,69
2934,69
2935,69
2936,69
2938,69
2939,69
2949,69
2953,69
2954,69
2955,69
2956,69
2957,69
2958,69
2959,69
2960,69
2964,69
192,61
193,61
354,61
394,61
395,61
396,61
397,61
605,61
606,61
652,61
839,61
855,61
1065,61
1444,61
1851,61
1897,61
2024,61
2069,61
2093,61
2169,61
2270,61
2439,61
2450,61
2470,61
2486,61
2494,61
2993,61
194,91
352,91
353,91
398,91
621,91
721,91
1038,91
1476,91
1814,91
1908,91
1934,91
2168,91
2221,91
2248,91
2315,91
2491,91
2493,91
2896,91
196,60
595,60
666,60
767,60
1290,60
1568,60
1709,60
1728,60
1730,60
1741,60
2204,60
2307,60
2458,60
2511,60
197,115
325,115
384,115
385,115
625,115
751,115
1090,115
1285,115
1286,115
1288,115
1294,115
1301,115
1312,115
1315,115
1319,115
1320,115
1321,115
1328,115
1329,115
1334,115
1335,115
1665,115
1667,115
1689,115
1690,115
1691,115
1692,115
1703,115
1707,115
1710,115
1718,115
1740,115
1807,115
1854,115
1855,115
1892,115
1922,115
2033,115
2060,115
2099,115
2131,115
2202,115
2251,115
2286,115
2358,115
2418,115
2419,115
2447,115
2459,115
2484,115
2892,115
198,71
324,71
624,71
1287,71
1300,71
1302,71
1306,71
1318,71
1662,71
1668,71
1712,71
2059,71
2159,71
2203,71
2478,71
200,102
819,102
1550,102
1631,102
2063,102
2327,102
2384,102
201,21
410,21
420,21
444,21
848,21
1128,21
1145,21
1548,21
1657,21
1757,21
1895,21
2193,21
2373,21
206,9
212,9
221,9
249,9
250,9
258,9
277,9
280,9
292,9
293,9
294,9
538,9
644,9
2220,9
207,43
238,43
282,43
283,43
303,43
593,43
658,43
814,43
837,43
1926,43
2084,43
2984,43
2989,43
208,12
209,12
210,12
227,12
228,12
242,12
243,12
244,12
245,12
254,12
255,12
256,12
295,12
296,12
297,12
311,12
813,12
825,12
844,12
1643,12
2045,12
213,20
214,20
215,20
216,20
222,20
223,20
224,20
233,20
239,20
247,20
248,20
251,20
259,20
260,20
261,20
285,20
286,20
287,20
288,20
319,20
603,20
822,20
1587,20
1805,20
1874,20
2051,20
2986,20
2991,20
2992,20
226,54
289,54
290,54
291,54
299,55
332,55
365,55
427,55
433,55
442,55
500,55
532,55
541,55
612,55
664,55
682,55
1033,55
1035,55
1155,55
1533,55
1582,55
1583,55
1595,55
1664,55
1779,55
1803,55
1804,55
1876,55
1906,55
1907,55
1952,55
1968,55
2020,55
2054,55
2171,55
2176,55
2197,55
2236,55
2237,55
2239,55
2309,55
2312,55
2403,55
2508,55
2510,55
2976,55
300,44
351,44
389,44
431,44
432,44
542,44
611,44
613,44
633,44
851,44
1539,44
1778,44
1835,44
1842,44
2021,44
2040,44
2053,44
2085,44
2147,44
2148,44
2149,44
2179,44
2199,44
2200,44
2253,44
2254,44
2271,44
2278,44
2311,44
2359,44
2463,44
2479,44
2499,44
326,3
1661,3
327,34
729,34
1486,34
336,63
462,63
463,63
464,63
485,63
486,63
487,63
495,63
496,63
501,63
547,63
548,63
635,63
662,63
712,63
713,63
720,63
739,63
743,63
808,63
902,63
1148,63
1477,63
1750,63
1818,63
1961,63
1976,63
2004,63
2029,63
2071,63
2087,63
2980,63
340,62
356,62
436,62
438,62
441,62
465,62
556,62
560,62
561,62
567,62
574,62
575,62
586,62
695,62
823,62
828,62
853,62
1037,62
1642,62
1896,62
2070,62
2073,62
350,25
435,25
493,25
502,25
543,25
592,25
599,25
627,25
630,25
661,25
702,25
723,25
724,25
744,25
758,25
805,25
863,25
1376,25
1565,25
1577,25
1644,25
1656,25
1771,25
1849,25
1860,25
1910,25
1912,25
1921,25
1937,25
1938,25
1941,25
1942,25
1962,25
1963,25
1964,25
1967,25
1972,25
1979,25
1981,25
2134,25
2223,25
2320,25
2440,25
2468,25
366,24
1442,24
1560,24
1845,24
2101,24
367,111
1092,111
1628,111
1844,111
371,116
478,116
490,116
640,116
1366,116
1369,116
1433,116
1451,116
1457,116
1500,116
1501,116
1502,116
1503,116
1504,116
1515,116
1516,116
1517,116
1518,116
1521,116
1552,116
1553,116
1554,116
1555,116
1559,116
1675,116
1754,116
1756,116
1929,116
2222,116
2233,116
2469,116
2475,116
2504,116
2967,116
2968,116
2969,116
372,92
453,92
489,92
727,92
1060,92
1140,92
1370,92
1371,92
1372,92
1373,92
1414,92
1419,92
1422,92
1427,92
1434,92
1450,92
1456,92
1461,92
1519,92
1567,92
1604,92
1621,92
1676,92
1793,92
1838,92
1985,92
1990,92
2062,92
2145,92
2972,92
373,26
428,26
434,26
497,26
533,26
537,26
663,26
683,26
726,26
1062,26
1956,26
2042,26
2090,26
2181,26
2402,26
2406,26
2464,26
2465,26
2977,26
387,84
2412,84
2904,84
2911,84
2912,84
2914,84
2948,84
388,118
479,118
809,118
1022,118
1420,118
1784,118
1824,118
1932,118
2005,118
2039,118
2166,118
2194,118
2364,118
2997,118
393,113
639,113
1671,113
1931,113
2192,113
2399,113
399,17
510,17
1023,17
1024,17
1240,17
1590,17
1785,17
1823,17
1916,17
2011,17
2065,17
2067,17
2077,17
2081,17
2366,17
2498,17
406,75
458,75
645,75
929,75
935,75
951,75
962,75
965,75
994,75
1127,75
1159,75
1187,75
1195,75
1213,75
1218,75
1633,75
1783,75
1789,75
1832,75
2410,75
2411,75
412,109
677,109
681,109
707,109
753,109
754,109
755,109
760,109
762,109
768,109
769,109
770,109
778,109
779,109
780,109
785,109
790,109
870,109
871,109
875,109
878,109
904,109
905,109
912,109
916,109
921,109
923,109
986,109
1016,109
1040,109
1046,109
1056,109
1067,109
1073,109
1084,109
1099,109
1117,109
1122,109
1137,109
1259,109
1273,109
1281,109
1346,109
1349,109
1404,109
1493,109
1524,109
1589,109
1615,109
1650,109
1767,109
1768,109
1772,109
1899,109
1960,109
2047,109
2095,109
2103,109
2104,109
2127,109
2128,109
2151,109
2152,109
2186,109
2428,109
2454,109
2512,109
2531,109
2534,109
2535,109
2536,109
2548,109
2558,109
2559,109
413,36
1415,36
1416,36
1417,36
1426,36
1432,36
1462,36
1603,36
1782,36
2170,36
2187,36
2255,36
2256,36
415,79
416,79
628,79
1244,79
1249,79
1268,79
1381,79
1382,79
1383,79
1438,79
1441,79
1447,79
1449,79
1466,79
1469,79
1470,79
1575,79
1597,79
1829,79
1846,79
1865,79
1867,79
1868,79
1878,79
1879,79
1881,79
1884,79
1975,79
2211,79
2213,79
2216,79
2218,79
2244,79
2246,79
2258,79
2259,79
2302,79
2303,79
2304,79
2324,79
2333,79
2360,79
2396,79
2434,79
2496,79
2888,79
417,99
659,99
944,99
952,99
959,99
960,99
961,99
969,99
1163,99
1182,99
1188,99
1191,99
1203,99
1204,99
1205,99
1212,99
1217,99
1232,99
1826,99
2505,99
418,103
1458,103
1459,103
1681,103
1743,103
1781,103
426,74
430,74
483,74
534,74
540,74
653,74
684,74
718,74
719,74
1031,74
1032,74
1530,74
1532,74
1581,74
1584,74
1585,74
1663,74
1780,74
1808,74
1810,74
1877,74
2052,74
2055,74
2089,74
2172,74
2201,74
2238,74
2272,74
2308,74
2334,74
2336,74
2405,74
2407,74
2509,74
446,11
804,11
1977,11
2006,11
2355,11
450,66
484,66
1246,66
1253,66
1255,66
1440,66
1445,66
1467,66
1468,66
1646,66
1869,66
2030,66
2092,66
2140,66
2229,66
2230,66
2401,66
2474,66
2497,66
456,4
461,30
1774,30
1939,30
2010,30
2094,30
472,14
473,14
1786,14
477,89
488,89
491,89
530,89
641,89
1025,89
1030,89
1220,89
1408,89
1409,89
1410,89
1411,89
1412,89
1413,89
1421,89
1428,89
1429,89
1437,89
1452,89
1453,89
1454,89
1520,89
1551,89
1556,89
1632,89
1746,89
1811,89
1812,89
1839,89
1850,89
1859,89
1935,89
1984,89
2064,89
2325,89
2326,89
2430,89
2966,89
503,106
524,106
634,106
647,106
648,106
671,106
676,106
678,106
687,106
688,106
689,106
691,106
692,106
698,106
699,106
700,106
704,106
706,106
708,106
709,106
710,106
711,106
725,106
741,106
747,106
750,106
764,106
772,106
776,106
792,106
796,106
801,106
865,106
866,106
868,106
873,106
876,106
877,106
880,106
881,106
882,106
886,106
891,106
913,106
920,106
925,106
926,106
973,106
974,106
977,106
982,106
984,106
1002,106
1005,106
1008,106
1011,106
1014,106
1015,106
1049,106
1050,106
1069,106
1070,106
1071,106
1074,106
1075,106
1078,106
1085,106
1103,106
1262,106
1263,106
1265,106
1266,106
1271,106
1274,106
1277,106
1278,106
1280,106
1342,106
1399,106
1402,106
1405,106
1407,106
1490,106
1492,106
1494,106
1497,106
1505,106
1506,106
1507,106
1508,106
1509,106
1510,106
1511,106
1512,106
1513,106
1526,106
1608,106
1609,106
1613,106
1635,106
1651,106
1654,106
1758,106
1760,106
1914,106
1989,106
1991,106
2001,106
2002,106
2046,106
2068,106
2110,106
2112,106
2113,106
2114,106
2115,106
2116,106
2117,106
2118,106
2119,106
2121,106
2122,106
2124,106
2126,106
2154,106
2173,106
2188,106
2276,106
2321,106
2376,106
2377,106
2378,106
2379,106
2417,106
2420,106
2422,106
2426,106
2427,106
2443,106
2444,106
2445,106
2502,106
2516,106
2519,106
2532,106
2540,106
2544,106
2546,106
2556,106
2557,106
2560,106
2561,106
2562,106
2566,106
520,57
1245,57
1247,57
1248,57
1250,57
1252,57
1446,57
1471,57
1472,57
1473,57
1574,57
1576,57
1598,57
1645,57
1647,57
1648,57
1828,57
1830,57
1861,57
1864,57
1866,57
1880,57
1882,57
1883,57
1887,57
1902,57
1974,57
1993,57
2013,57
2014,57
2015,57
2086,57
2129,57
2185,57
2217,57
2219,57
2226,57
2241,57
2242,57
2247,57
2431,57
2433,57
2436,57
2495,57
2887,57
2889,57
2890,57
521,117
527,117
1114,117
1393,117
1982,117
2455,117
2903,117
2906,117
2917,117
2928,117
2930,117
2937,117
2942,117
2947,117
522,48
523,48
1254,48
1831,48
1953,48
2022,48
2435,48
525,45
529,45
597,45
632,45
672,45
673,45
674,45
740,45
746,45
763,45
771,45
773,45
781,45
786,45
799,45
803,45
869,45
874,45
883,45
890,45
895,45
897,45
898,45
900,45
903,45
910,45
918,45
927,45
928,45
975,45
978,45
979,45
980,45
1007,45
1045,45
1048,45
1066,45
1076,45
1083,45
1094,45
1097,45
1098,45
1105,45
1123,45
1136,45
1151,45
1275,45
1485,45
1488,45
1525,45
1529,45
1562,45
1563,45
1588,45
1610,45
1614,45
1636,45
1652,45
1673,45
1674,45
1745,45
1747,45
1764,45
1766,45
1819,45
1820,45
1978,45
2026,45
2105,45
2111,45
2155,45
2175,45
2183,45
2189,45
2275,45
2292,45
2323,45
2344,45
2425,45
2446,45
2521,45
2527,45
2528,45
2542,45
2545,45
2547,45
2554,45
2555,45
2563,45
531,2
2146,2
2212,2
2215,2
2225,2
2227,2
2228,2
2240,2
2300,2
545,19
2023,19
2091,19
598,85
665,85
1292,85
1296,85
1304,85
1313,85
1326,85
1331,85
1333,85
1336,85
1670,85
1687,85
1688,85
1702,85
1714,85
1715,85
1719,85
1720,85
1725,85
1729,85
1732,85
1733,85
1734,85
1735,85
1736,85
1806,85
1858,85
2031,85
2034,85
2061,85
600,35
685,35
690,35
742,35
761,35
765,35
777,35
782,35
783,35
791,35
794,35
795,35
802,35
906,35
922,35
1001,35
1082,35
1086,35
1270,35
1344,35
1478,35
1491,35
1498,35
1543,35
1544,35
1607,35
1611,35
1616,35
1617,35
1655,35
1672,35
1788,35
1946,35
2107,35
2109,35
2120,35
2123,35
2125,35
2174,35
2207,35
2277,35
2322,35
2337,35
2340,35
2341,35
2345,35
2374,35
2375,35
2525,35
2529,35
2530,35
2565,35
604,8
651,8
693,8
752,8
1821,8
1840,8
1890,8
1891,8
1928,8
1949,8
1950,8
2130,8
2136,8
2162,8
2205,8
2265,8
2266,8
2267,8
2269,8
2370,8
2372,8
2451,8
2897,8
2898,8
2994,8
610,73
620,73
738,73
1267,73
1439,73
1448,73
1579,73
1863,73
1870,73
1886,73
1903,73
1905,73
2027,73
2141,73
2210,73
2245,73
2301,73
2432,73
2437,73
2456,73
614,81
615,81
616,81
660,81
857,81
931,81
934,81
940,81
945,81
947,81
954,81
957,81
963,81
968,81
991,81
992,81
993,81
1157,81
1162,81
1164,81
1171,81
1172,81
1175,81
1176,81
1177,81
1184,81
1226,81
1790,81
1797,81
1798,81
1799,81
1801,81
2056,81
2291,81
617,47
847,47
933,47
937,47
939,47
941,47
942,47
948,47
949,47
953,47
958,47
970,47
990,47
995,47
1160,47
1165,47
1166,47
1168,47
1173,47
1174,47
1186,47
1189,47
1190,47
1193,47
1196,47
1197,47
1199,47
1200,47
1202,47
1206,47
1207,47
1210,47
1211,47
1231,47
1236,47
1332,47
1848,47
2041,47
2214,47
2368,47
2409,47
619,42
623,42
730,42
737,42
1289,42
1291,42
1293,42
1295,42
1297,42
1298,42
1299,42
1303,42
1307,42
1317,42
1322,42
1323,42
1324,42
1327,42
1337,42
1356,42
1357,42
1443,42
1639,42
1669,42
1696,42
1697,42
1698,42
1699,42
1700,42
1701,42
1704,42
1705,42
1706,42
1708,42
1711,42
1713,42
1716,42
1717,42
1723,42
1724,42
1726,42
1727,42
1737,42
1738,42
1742,42
1853,42
1856,42
1893,42
1994,42
1995,42
2035,42
2037,42
2160,42
2161,42
2348,42
2382,42
2423,42
622,32
1053,32
1237,32
1546,32
2009,32
2066,32
2473,32
650,86
930,86
932,86
946,86
950,86
955,86
956,86
1144,86
1149,86
1158,86
1167,86
1169,86
1178,86
1179,86
1181,86
1183,86
1185,86
1192,86
1194,86
1201,86
1208,86
1209,86
1214,86
1215,86
1223,86
1224,86
1225,86
1233,86
1338,86
1800,86
1802,86
2138,86
2330,86
655,68
1787,68
1822,68
2076,68
2137,68
2150,68
2191,68
2206,68
2268,68
2369,68
2492,68
2885,68
2895,68
656,56
996,56
2918,56
2952,56
694,76
1769,76
1825,76
1852,76
1986,76
1987,76
2164,76
2165,76
2306,76
2365,76
2477,76
728,33
1059,33
1219,33
1350,33
1367,33
1368,33
1418,33
1423,33
1424,33
1425,33
1431,33
1435,33
1436,33
1455,33
1549,33
1557,33
1558,33
1600,33
1601,33
1602,33
1605,33
1620,33
1622,33
1623,33
1624,33
1625,33
1626,33
1627,33
1677,33
1678,33
1679,33
1680,33
1744,33
2096,33
2970,33
2971,33
2973,33
733,40
766,40
1305,40
1308,40
1311,40
1314,40
1316,40
1325,40
1330,40
1693,40
1694,40
1695,40
1857,40
1923,40
2347,40
2452,40
2891,40
888,37
1561,37
1629,37
1770,37
2132,37
2894,37
2975,37
1121,15
1523,15
1996,15
2082,15
1143,27
1484,27
1522,27
1542,27
1630,27
1640,27
1862,27
1238,101
1261,101
2264,101
1239,90
1592,90
2098,90
2457,90
1309,41
1310,41
1465,41
1721,41
1722,41
1731,41
1739,41
1460,31
1837,31
2190,31
2974,31
1545,16
1794,16
2476,16
1566,6
1827,6
1930,6
2979,6
1815,110
2019,110
1847,112
2503,112
2050,38
2224,49
2257,49
2293,49
2907,49
2910,49
2916,49
2921,49
2933,49
2943,49
2945,49
2946,49
2950,49
2963,49
2231,95
2243,95
2289,95
2290,95
2294,95
2386,95
2438,95
2570,95
2571,95
2589,95
2601,95
2603,95
2604,95
2607,95
2619,95
2620,95
2626,95
2627,95
2628,95
2631,95
2644,95
2667,95
2681,95
2684,95
2696,95
2697,95
2715,95
2730,95
2731,95
2732,95
2733,95
2736,95
2743,95
2744,95
2745,95
2746,95
2747,95
2775,95
2781,95
2790,95
2803,95
2804,95
2845,95
2846,95
2847,95
2848,95
2849,95
2850,95
2851,95
2852,95
2853,95
2854,95
2858,95
2863,95
2871,95
2872,95
2881,95
2882,95
2886,95
2998,95
2232,114
2281,114
2282,114
2295,114
2318,114
2353,114
2387,114
2567,114
2568,114
2572,114
2573,114
2588,114
2595,114
2597,114
2602,114
2623,114
2633,114
2637,114
2668,114
2679,114
2683,114
2688,114
2692,114
2693,114
2699,114
2700,114
2711,114
2712,114
2714,114
2717,114
2734,114
2735,114
2737,114
2748,114
2749,114
2750,114
2751,114
2752,114
2753,114
2754,114
2755,114
2756,114
2757,114
2758,114
2759,114
2760,114
2761,114
2762,114
2763,114
2772,114
2783,114
2787,114
2789,114
2792,114
2805,114
2809,114
2855,114
2856,114
2865,114
2869,114
2883,114
2250,108
2283,108
2284,108
2285,108
2288,108
2316,108
2351,108
2385,108
2390,108
2392,108
2414,108
2480,108
2481,108
2482,108
2574,108
2578,108
2582,108
2593,108
2594,108
2596,108
2599,108
2600,108
2605,108
2606,108
2608,108
2609,108
2611,108
2613,108
2616,108
2622,108
2625,108
2634,108
2636,108
2641,108
2643,108
2669,108
2672,108
2673,108
2674,108
2677,108
2685,108
2689,108
2702,108
2707,108
2718,108
2722,108
2723,108
2724,108
2725,108
2726,108
2739,108
2770,108
2773,108
2774,108
2779,108
2782,108
2788,108
2793,108
2794,108
2806,108
2808,108
2816,108
2817,108
2818,108
2819,108
2820,108
2821,108
2822,108
2823,108
2824,108
2825,108
2826,108
2827,108
2828,108
2829,108
2830,108
2831,108
2857,108
2860,108
2861,108
2862,108
2864,108
2870,108
2873,108
2874,108
2880,108
2279,5
2297,5
2298,5
2319,5
2350,5
2352,5
2389,5
2449,5
2575,5
2577,5
2590,5
2591,5
2610,5
2615,5
2617,5
2618,5
2621,5
2629,5
2630,5
2632,5
2670,5
2671,5
2676,5
2680,5
2682,5
2708,5
2727,5
2728,5
2729,5
2764,5
2765,5
2777,5
2832,5
2833,5
2834,5
2835,5
2836,5
2837,5
2838,5
2839,5
2840,5
2841,5
2842,5
2843,5
2844,5
2866,5
2867,5
2868,5
2876,5
2879,5
2280,51
2296,51
2299,51
2388,51
2391,51
2448,51
2569,51
2576,51
2579,51
2586,51
2598,51
2612,51
2614,51
2635,51
2638,51
2639,51
2645,51
2646,51
2647,51
2648,51
2649,51
2650,51
2651,51
2652,51
2653,51
2654,51
2655,51
2656,51
2657,51
2687,51
2698,51
2716,51
2738,51
2767,51
2768,51
2776,51
2785,51
2795,51
2796,51
2797,51
2798,51
2799,51
2800,51
2810,51
2859,51
2877,51
2878,51
2367,0
2485,0
2394,10
2461,10
2462,10
2580,10
2581,10
2583,10
2584,10
2585,10
2587,10
2592,10
2624,10
2640,10
2642,10
2658,10
2659,10
2660,10
2661,10
2662,10
2663,10
2664,10
2665,10
2666,10
2675,10
2678,10
2686,10
2690,10
2691,10
2694,10
2695,10
2701,10
2703,10
2704,10
2705,10
2706,10
2709,10
2710,10
2713,10
2719,10
2720,10
2721,10
2740,10
2741,10
2742,10
2766,10
2769,10
2771,10
2778,10
2780,10
2784,10
2786,10
2791,10
2801,10
2802,10
2807,10
2811,10
2812,10
2813,10
2814,10
2815,10
2875,10
2884,10
2900,10
2489,65
2490,65
